Actual,Predicted
11.71,11.708662619047614
18.13,18.143749246031742
124.6,124.61183476190472
89.45,89.44613702380956
20.95,20.945056964285705
131.06,131.05322001984138
135.05,135.03878543650802
33.56,33.556309880952384
23.58,23.576164900793646
35.81,35.80993978174602
94.52,94.51730208333332
37.93,37.9195467857143
133.89,133.88300642857138
36.03,36.03800442460315
135.95,135.96231166666664
15.53,15.509644841269841
78.08,78.06578559523811
85.12,85.12139051587299
5.18,5.174343452380948
61.62,61.63876738095245
35.42,35.40148196428574
99.72,99.72335918650795
20.94,20.94359374999999
27.92,27.91652345238094
20.2,20.198412460317478
75.73,75.7362505952381
23.74,23.737682857142843
55.13,55.08803067460314
17.07,17.063248749999975
23.3,23.28844591269842
129.24,129.221484920635
3.29,3.289599345238094
30.37,30.369635734126973
136.07,136.07116434523806
71.29,71.28061886904764
61.41,61.403820535714324
58.07,58.07509261904768
115.76,115.75470976190472
124.56,124.52672613095241
13.05,13.053176845238092
2.23,2.252819761904763
98.11,98.09198474206349
21.79,21.782620714285727
101.09,101.09231011904761
19.59,19.594513492063502
103.6,103.57020910714286
79.85,79.84488299603169
79.7,79.68630833333333
62.86,62.85156904761903
58.73,58.74240976190471
89.46,89.45504839285717
27.57,27.58315523809524
60.24,60.21069507936508
108.36,108.35400535714285
11.24,11.228634404761905
100.62,100.58621726190476
40.58,40.59530607142856
121.29,121.29911259740254
117.69,117.66377326479063
70.31,70.30631942460323
125.7,125.70290906746028
116.93,116.93386325396821
129.1,129.11650154761907
117.76,117.79177422619041
136.66,136.6684939285715
134.15,134.15248440476205
66.68,66.68396839285711
16.95,16.948590773809517
88.46,88.46670456349204
1.11,1.0944580357142863
112.14,112.14229565476188
127.71,127.69611880952404
12.09,12.089999583333324
1.12,1.1131255357142862
8.99,8.98605042748918
2.81,2.8071572023809512
14.26,14.267031011904757
5.47,5.464111071428578
103.22,103.19140250000001
15.3,15.30174107142858
110.27,110.2651754960316
112.27,112.26917375000005
115.14,115.13665511904766
19.84,19.845578888888884
85.83,85.84725321428577
91.94,91.94517321428577
24.91,24.897236726190467
60.19,60.189911865079345
98.6,98.59317551587303
50.65,50.66075494047621
48.29,48.3055335714286
40.27,40.264024523809546
137.74,137.73957053571434
66.48,66.47898601190472
1.18,1.1849538095238095
116.14,116.1544333730159
133.33,133.32669785714282
106.36,106.34918160714292
24.29,24.282260218253995
2.1,2.083656726190476
65.09,65.12241994047622
68.21,68.2158376984126
11.06,11.049242321428572
139.13,139.14059583333326
4.05,4.0483976587301544
23.98,23.97225107142856
109.56,109.5251440476191
105.87,105.8841903174603
104.28,104.24444625
120.01,119.99094488095233
48.39,48.35664863095245
121.58,121.5812251785714
118.44,118.40496097222221
64.13,64.12856761904762
0.09,0.08908779761904756
26.12,26.118602857142854
37.67,37.67532099206348
89.69,89.71531291666653
92.31,92.326637797619
49.5,49.484308214285704
121.49,121.4929582738095
79.79,79.78348861471859
72.22,72.22834595238089
15.08,15.081074999999984
39.51,39.53106071428573
55.81,55.81321571428575
115.94,115.95387718253974
120.14,120.14445107142863
130.54,130.52689305555555
106.88,106.86905202380953
106.0,106.00034571428573
26.25,26.245106309523813
88.17,88.17529559523805
9.45,9.450828452380959
24.71,24.709711309523822
107.97,107.97396426587292
74.8,74.79438519841275
72.76,72.76513140873016
137.35,137.35235930916306
17.32,17.331141468253964
41.85,41.844000932539686
107.26,107.22976107142854
23.27,23.278980714285716
84.33,84.34611261904766
3.44,3.4437117261904753
57.07,57.08454910714282
65.67,65.68430226190475
3.96,3.9385125000000016
128.67,128.68115559523818
34.12,34.111020436507914
77.69,77.66883726190476
36.37,36.35649912698411
55.12,55.09736482142855
58.43,58.4160450595238
45.82,45.82631952380953
45.08,45.07452212301587
131.76,131.7759839285713
88.24,88.22891142857135
95.98,95.97148172619052
91.83,91.8293535263348
100.43,100.42431482142854
58.42,58.40331726190471
99.59,99.61818271825396
19.36,19.348782658730144
31.45,31.45411581349205
56.18,56.17431235389609
105.71,105.71357297619033
8.44,8.440937321428583
33.47,33.483956369047604
95.38,95.37274023809526
75.75,75.74006142857147
36.2,36.21785908730157
60.19,60.187601865079344
121.14,121.13949174603175
110.02,110.01559595238095
62.47,62.47587892857146
82.38,82.38964499999999
125.63,125.60629253968247
49.12,49.10250910714287
43.3,43.31040833333336
115.69,115.70690511904755
38.1,38.10506255952386
64.95,64.94841214285715
63.39,63.39111071428579
109.46,109.461349265873
62.68,62.67677698232328
101.55,101.52433363095238
129.19,129.19226488095237
19.66,19.620806428571434
31.13,31.123184880952373
22.14,22.142424603174586
48.75,48.74695488095237
30.39,30.379053313492072
99.47,99.42132541666662
39.38,39.386144444444454
136.32,136.3138510714286
63.33,63.330103869047626
96.48,96.48549345238096
87.8,87.8090314285715
51.92,51.90304136904768
65.54,65.52346500000002
61.64,61.637682380952455
23.06,23.053600000000007
92.31,92.32262386904759
71.75,71.74331369047617
42.02,42.01904073412704
71.28,71.27483017857145
121.6,121.59762821428576
5.82,5.820700535714288
133.92,133.92543777777772
65.62,65.6277956547619
31.36,31.355118492063493
65.06,65.08626779761907
61.28,61.26778321428577
85.35,85.35376303571425
62.59,62.570075654761894
30.34,30.332972142857145
36.21,36.2263088095238
47.3,47.28662642857144
114.39,114.3879048809524
53.02,53.06552579365076
127.01,127.00294095238101
84.8,84.79524410714275
115.64,115.64163321428573
61.28,61.266709047619116
55.7,55.69990696428568
64.76,64.76454285714287
42.19,42.18497452380951
84.42,84.41461432539683
100.53,100.53450091269839
122.68,122.67715660714282
1.25,1.2506706547619038
100.18,100.15803910714295
2.38,2.409453392857143
128.89,128.8760145833334
120.39,120.3875512103174
7.91,7.917866477272732
58.14,58.11960410714291
136.81,136.80486478174612
22.96,22.951205198412687
127.93,127.93095198412699
49.76,49.761574383116894
131.64,131.63122732142858
117.41,117.4087373809523
19.35,19.351875634920614
30.45,30.43816710317459
106.07,106.06723226190468
28.31,28.280718531746047
101.19,101.1901762499999
94.95,94.96321791666668
89.38,89.37427138888887
138.94,138.92675728174606
55.88,55.887441547619055
89.68,89.6773788095237
17.19,17.190548690476202
44.62,44.6083796031746
62.08,62.087643333333396
70.6,70.61072303571429
3.24,3.2335467261904762
15.96,15.94710345238096
32.5,32.4838381547619
71.65,71.6548123809524
18.58,18.557330714285694
78.15,78.14709142857144
129.26,129.22525742063496
0.07,0.06644089285714283
54.59,54.61552238095238
91.49,91.48841519841275
5.05,5.048626904761904
136.7,136.69905450396828
73.62,73.61790533549785
52.63,52.64051767857142
41.07,41.075712142857164
73.02,73.01691955586082
68.29,68.29323751984127
50.93,50.94595749999998
65.42,65.42238984126988
112.68,112.68452384920641
53.56,53.5497091849817
81.52,81.53697595238096
52.46,52.44804968253967
24.83,24.828981686507927
86.11,86.12730956349209
88.43,88.4524861904762
16.73,16.741902738095227
50.3,50.30208101731601
30.61,30.632441964285732
22.07,22.082535813492054
137.19,137.16941035714265
78.77,78.74838244047619
18.02,18.021673928571445
49.5,49.48280964285713
133.92,133.92592111111108
69.3,69.30330857142856
14.38,14.378833333333342
88.42,88.39314795634928
99.05,99.06194644841271
73.77,73.75400269841266
111.59,111.57947940476193
38.18,38.18091746031743
41.0,40.997537420634906
8.23,8.237246666666662
128.52,128.52752035714286
50.48,50.4914369047619
121.86,121.8455524801588
81.18,81.18821119047618
77.54,77.53434799783544
13.46,13.461218611111113
3.03,3.039201607142856
27.84,27.813734087301587
58.17,58.1910799404762
139.11,139.0974373214287
84.52,84.51980898809524
33.48,33.482898035714264
86.69,86.68642313492064
41.26,41.25381690476193
83.04,83.03533767857151
18.7,18.699488591269844
16.59,16.601425952380943
62.02,62.020799404761945
137.18,137.16893369047605
137.13,137.13361583333332
44.73,44.71104404761904
114.36,114.37153916666672
15.64,15.683478333333312
15.95,15.940265119047616
121.14,121.13952698412697
30.14,30.13421654761906
71.41,71.43217255952376
42.06,42.0594756746032
63.87,63.863548730158776
52.1,52.082308690476154
117.32,117.30406547619046
37.2,37.23194839285709
110.96,110.95729696428558
114.49,114.47646333333336
115.4,115.39858057539682
66.49,66.47982101190475
107.45,107.44677349206358
90.58,90.59295293650797
64.2,64.22371496031748
16.02,16.019785595238094
86.85,86.84942809523804
127.1,127.08780363095248
106.83,106.83923861111109
88.99,88.9919192857143
105.63,105.62089773809527
102.24,102.25345999999999
82.99,82.98812291666665
40.86,40.84532976190481
134.71,134.71837811507942
118.6,118.5726931547619
101.86,101.87583565476196
29.76,29.731684642857132
18.32,18.31483511904762
39.78,39.79025476190475
103.0,103.01839595238094
29.47,29.471771051587254
128.83,128.82869541666673
13.83,13.830509404761909
84.82,84.802339345238
82.2,82.20355621031742
90.0,90.01192255952395
77.08,77.08348214285715
68.28,68.2674090674603
36.57,36.555991785714326
49.6,49.59507609126983
71.09,71.08450626984126
27.86,27.853967956349198
75.4,75.39224605158728
50.22,50.2236057142857
99.68,99.67289791666673
129.57,129.57532125
117.05,117.05291642857136
63.06,63.102889464285674
23.98,23.967987619047612
108.09,108.07948285714293
51.34,51.33902535714291
24.79,24.79235956349207
35.84,35.84907555555555
49.23,49.235990099206376
81.68,81.69432517857142
39.8,39.79597535714284
121.14,121.14199799603175
22.07,22.089046230158715
127.93,127.93119365079365
101.82,101.8140761904763
9.05,9.042005833333327
90.18,90.17811410714286
95.69,95.65155539682536
69.74,69.71733609126986
121.44,121.4497861309526
110.95,110.94252807539675
90.21,90.20778180555544
111.96,111.94882815476194
131.06,131.05469168650802
20.96,20.95276613095237
112.74,112.74577800505041
99.68,99.67664946428575
40.63,40.62446892857143
43.53,43.529355456349215
139.06,139.0286081277057
76.71,76.70512216269837
16.03,16.025451726190468
64.01,63.986137678571424
89.37,89.37052626984128
7.94,7.945384512987024
128.32,128.35042166666662
132.95,132.93792726190475
10.18,10.230884107142867
21.76,21.76634869047621
77.2,77.19333166666662
131.38,131.39190646825406
30.8,30.78263228896107
14.86,14.854222678571421
138.39,138.38385767857133
137.59,137.5891354166666
62.15,62.14145454365076
31.79,31.77314355158733
10.89,10.89157053571428
67.79,67.82555071428573
56.78,56.76394619047621
7.8,7.7970771230158675
106.76,106.75959119047617
10.03,10.063480019841267
138.63,138.62741831349206
106.76,106.75781619047615
49.42,49.414949503968245
37.2,37.22679505952376
113.86,113.85747615079364
121.85,121.84316119047628
50.1,50.1109144642857
121.47,121.46393898809531
42.23,42.219052380952355
108.93,108.94945904761904
8.74,8.702443452380958
32.21,32.20215172619047
18.61,18.63583037698412
86.63,86.63509017857145
85.76,85.74262863095242
68.47,68.4611734325397
121.99,121.99081208333338
20.88,20.873509841269847
116.27,116.26959039682552
117.49,117.48013803571433
92.93,92.9316933333333
104.2,104.21648232142844
33.79,33.7942079761905
116.44,116.4358761507935
132.72,132.71020708333333
132.77,132.77601845238095
124.58,124.60206964285709
124.57,124.5535444642857
79.39,79.37207265873019
129.54,129.52540017857152
66.59,66.60671706349213
91.2,91.19525696428563
136.44,136.42723910714284
126.33,126.33656684523811
82.72,82.70140315476183
54.3,54.2972641071429
124.74,124.73085190476186
55.7,55.69886315476188
127.39,127.39938871031745
75.1,75.10731529761901
6.96,6.959964841269848
89.45,89.44726406746035
43.68,43.68087912698411
128.33,128.35097607142853
98.02,98.02685420634916
97.62,97.63129837301581
127.49,127.47782761904777
67.99,67.96740732142852
64.7,64.69704525793654
14.68,14.679388750000005
134.84,134.837476765873
21.58,21.56766398809526
37.7,37.690957718253955
4.5,4.49445148809524
117.03,117.04443297619038
93.96,93.94469916666671
45.96,45.95843714285713
64.77,64.76976261904761
99.92,99.8960032142857
39.11,39.07454803571427
87.78,87.7992851785715
5.0,5.002789166666666
135.62,135.61689003968257
136.45,136.46628571428568
27.78,27.78211333333335
136.55,136.53594262445895
24.81,24.798385277777793
67.76,67.73709430555552
9.96,9.942922500000003
113.0,113.00468355158723
121.1,121.09031011904766
18.27,18.279374027777784
98.36,98.35401039682536
5.74,5.738424464285721
71.96,71.93815779761903
74.9,74.89108954365079
98.33,98.33629849206352
105.49,105.49092727272735
84.2,84.1943113095238
78.08,78.06435928571432
30.48,30.441685515873004
0.8,0.80090994047619
80.53,80.53247833333336
115.33,115.33109994047612
115.72,115.71425067460312
87.44,87.4328139880952
109.08,109.08283051587301
106.47,106.46770382936518
111.55,111.54862178571426
137.39,137.37741341269847
130.41,130.39811898809532
107.51,107.49319009920639
8.18,8.155938630952386
111.8,111.78281309523801
9.5,9.486427976190477
37.66,37.662592599206334
68.71,68.70645142857141
119.07,119.07850029761912
48.5,48.49323958333337
80.06,80.04709892857147
51.3,51.309913412698435
55.69,55.687889900793635
80.16,80.1726164285714
44.86,44.85563232142851
92.11,92.10416119047618
36.77,36.78743744047627
116.52,116.51816666666674
114.05,114.05075821428572
63.31,63.32023208333333
97.08,97.07173809884561
7.13,7.12881611471861
8.7,8.686416904761913
29.55,29.557367619047636
29.93,29.930615119047612
73.46,73.47124234126983
18.61,18.633524186507927
138.1,138.08831023809532
9.34,9.355147123015865
118.74,118.72873242063483
108.72,108.75808896825393
42.26,42.27008922619045
127.71,127.69616964285737
77.1,77.08987607142855
135.06,135.0491171031747
54.87,54.83983005952381
108.6,108.58969773809517
8.91,8.90425470238096
39.2,39.19716942460312
46.74,46.75732833333336
8.35,8.33837299603174
98.2,98.20096053571422
102.13,102.12570297619037
34.09,34.10483162698411
92.99,93.00988761904753
127.03,127.06030087301593
91.71,91.69464134920634
65.22,65.23183446428574
12.01,12.002656904761903
99.57,99.58089339285712
121.05,121.03669553571451
66.19,66.18383375
90.7,90.70607886904763
104.5,104.50222791666666
72.71,72.71742279761905
119.45,119.45629363095233
2.26,2.2701608333333327
136.09,136.1096782142857
57.37,57.36657916666669
6.43,6.430912500000002
78.52,78.51554470238098
43.5,43.49768658730159
36.66,36.64843666666668
41.9,41.89182505952382
32.99,32.974657857142866
29.18,29.19108261904761
12.29,12.302444166666657
136.57,136.5760845238095
87.19,87.16261351190477
16.43,16.451684642857135
111.42,111.41351083333336
94.5,94.51679029761902
90.47,90.45112261904765
113.83,113.83242698412707
32.5,32.4934943452381
17.92,17.91318228174604
95.73,95.76189557539684
80.38,80.40261396825396
79.61,79.6270223214286
107.03,107.0316688095238
28.57,28.599929821428567
70.12,70.11978351190476
94.8,94.8048786904762
14.61,14.61063053571428
2.9,2.902526686507935
138.78,138.7214958730159
66.75,66.74950829365075
77.31,77.29630783730167
48.41,48.382517261904766
0.38,0.3613088095238094
103.44,103.42389839285715
39.91,39.9170020833333
118.96,118.95494067460304
16.98,16.97731035714286
109.7,109.70162373015876
0.96,0.9620546428571424
86.25,86.25160541666668
69.52,69.51173019841275
39.52,39.55061660714288
80.27,80.27809410714285
87.79,87.80211541666672
96.35,96.35698682539686
68.03,68.05339309523798
25.27,25.272014067460347
107.91,107.91188688492055
58.96,58.95098672619051
12.63,12.635261210317466
81.98,81.96711119047617
76.16,76.13821710317461
32.31,32.3378227380952
67.9,67.90474305555554
54.76,54.757220059523846
34.42,34.40932690476189
21.38,21.376885257936493
19.88,19.875931388888894
106.26,106.27435125000007
122.29,122.29046089466087
13.54,13.522819801587309
66.3,66.29816160714292
85.45,85.4473226190476
18.46,18.474384464285723
89.26,89.27488851190479
98.92,98.91932367424243
18.12,18.129176706349206
19.79,19.778932341269837
21.97,21.96428297619049
56.36,56.345215535714296
78.06,78.06364880952383
51.55,51.540420059523825
77.84,77.83780083333332
121.45,121.45077630952409
28.71,28.696154761904754
109.61,109.64162214285716
122.44,122.44130753968255
86.1,86.09192279761906
30.62,30.657355952380954
139.31,139.30264452380956
6.69,6.6818000992063515
17.1,17.111053333333324
54.75,54.74813660714283
42.38,42.38312138888891
21.92,21.942099761904778
70.83,70.82881033730156
43.38,43.35854793650793
39.65,39.670870714285726
113.47,113.47209041666667
85.86,85.85507642857142
47.8,47.79990152777781
124.43,124.40580519841272
53.91,53.89677761904763
90.86,90.86867374999999
57.34,57.34188148809526
34.77,34.77223773809525
43.26,43.2594591666667
78.64,78.63641859126983
69.21,69.19905077380955
61.54,61.48242164682537
2.92,2.9114378769841265
15.1,15.103180773809509
98.65,98.67596474206356
73.1,73.08449707570212
109.79,109.79123468253972
14.24,14.242939999999994
112.78,112.76861459235214
23.83,23.84381476190475
97.25,97.25539982142847
8.33,8.317734841269836
59.24,59.23825922619046
76.07,76.05692031746035
93.42,93.42474946428574
116.39,116.39671626984132
37.14,37.127252063492044
19.97,19.937865357142847
108.84,108.8283190873016
137.36,137.3550065710678
59.23,59.221860654761834
17.27,17.25340642857144
135.49,135.48172583333334
89.23,89.27376255952385
137.24,137.23965162698403
76.54,76.56787628968253
100.17,100.15780839285725
67.89,67.88106773809524
128.58,128.57689255952383
25.94,25.941836488095234
43.79,43.81685702380956
15.19,15.17946357142858
50.14,50.14651950396825
84.34,84.35282839285723
135.94,135.93666458333334
13.5,13.496128571428569
90.75,90.74772099206349
65.09,65.11481892857148
31.04,31.0617830357143
2.63,2.6317425595238095
51.2,51.19065575757576
73.27,73.26569283730159
117.51,117.51151680555554
63.39,63.388394047619116
115.27,115.23157019841268
0.34,0.3397557738095239
105.83,105.81592809523809
18.24,18.24585349206349
97.26,97.26655007936508
94.23,94.25140178571426
40.0,39.99436630952381
117.81,117.81206958333325
117.0,116.99694152777772
68.99,68.99361309523802
105.21,105.20565083333328
11.3,11.31497172619047
15.9,15.918233214285706
137.35,137.3455154166667
1.36,1.347237261904762
84.71,84.71082238095237
108.61,108.58561761904758
65.48,65.4943192857143
107.92,107.91609819444434
59.52,59.51707005952384
120.66,120.65625970238099
34.89,34.87039619047619
130.23,130.23124809523816
36.29,36.26450577380951
71.63,71.62944773809522
46.94,46.9592305952381
121.99,121.9904177976191
117.69,117.66017464285702
24.49,24.48192964285712
46.53,46.54394470238094
124.55,124.52415946428572
40.08,40.08681369047617
16.32,16.30145880050506
79.94,79.94069807539678
94.96,94.97019755952378
66.8,66.79561869047616
64.11,64.10472101190473
10.72,10.719235952380954
77.55,77.55502996212121
17.04,17.052649940476172
136.99,136.98642361111115
100.37,100.35509851190473
137.94,137.94116912698416
63.78,63.76527773809521
116.89,116.89311845238099
0.38,0.3588484523809523
128.79,128.77796928571448
29.22,29.2227017857143
36.88,36.8798024404762
37.49,37.48282000000001
111.54,111.54542488095235
132.62,132.6134951587302
44.43,44.42794601190471
63.75,63.7597614285714
26.36,26.352980238095235
58.93,58.93165696428575
40.15,40.144042543290034
73.14,73.14900964285717
33.08,33.081393035714285
111.45,111.43700170634918
15.43,15.440683313492066
107.31,107.32082501984105
124.89,124.87896126984114
1.19,1.1908241666666666
66.19,66.18467636904764
87.48,87.49165123015874
88.97,88.95822315476187
81.88,81.89390232142856
13.33,13.331398035714287
30.19,30.168713571428565
119.23,119.23273672619044
14.82,14.807587976190476
52.71,52.65616988095237
29.75,29.722325714285684
31.39,31.386354246031726
135.25,135.25172642857132
130.37,130.37165438492076
62.94,62.93942517857141
62.66,62.646646525973985
118.06,118.0502124404761
128.78,128.77922678571443
136.7,136.69833950396827
33.76,33.75598369047624
104.92,104.91823906746035
32.97,32.96900702380954
129.51,129.501398452381
113.6,113.61130388888893
62.77,62.75798255952379
19.5,19.496834007936503
137.53,137.5257659523809
84.03,84.0311053174603
82.02,82.02398119047615
33.94,33.938152797619075
68.75,68.73262035714288
75.78,75.76276214285717
46.1,46.115573670634895
60.45,60.44772416666667
2.63,2.6363154166666662
27.09,27.095523988095252
137.95,137.94323240079362
118.01,118.01744644841273
28.06,28.056846607142845
128.29,128.25580297619038
63.71,63.68118773809521
102.47,102.46747682539673
57.01,57.00927686507936
81.25,81.25875255952374
47.07,47.080421011904754
76.96,76.957280515873
77.25,77.23986716269833
103.19,103.17658142857144
109.99,109.98324904761894
79.18,79.17485148809527
129.25,129.2232455158731
79.11,79.11094474206348
39.72,39.71167912698412
57.32,57.29035821428575
126.97,126.95298357142862
110.42,110.42329166666671
49.9,49.88518057539679
103.36,103.34453142857154
72.19,72.1977726785715
68.89,68.87660166666662
101.91,101.9139863293651
2.67,2.6616030357142857
15.49,15.499174246031748
60.6,60.60646309523811
132.58,132.56355583333342
10.89,10.893921309523805
47.41,47.42406559523806
73.18,73.15791714285723
48.34,48.349118928571464
105.37,105.36923678571428
10.46,10.461955218253973
120.68,120.68408261904773
14.92,14.93081880952381
53.02,53.06724734126981
120.9,120.88213529761903
14.35,14.35250134920634
116.65,116.65137375
1.0,0.996549999999999
5.09,5.080486190476193
50.07,50.058994702380986
123.08,123.09522751984125
32.47,32.46403398809523
44.25,44.26420305555555
108.89,108.84764559523806
13.29,13.29416200396826
43.66,43.65922025793651
92.95,92.93690720238095
46.66,46.65100398809523
28.27,28.27091519841271
93.12,93.11300142857148
95.21,95.21375857142843
125.79,125.7560407341268
89.82,89.81302517857142
101.98,101.98551170634923
22.58,22.582026964285724
106.33,106.34300958333343
116.87,116.88331875000003
135.93,135.88954148809526
135.4,135.43591702380962
12.43,12.431086071428572
134.92,134.9489337121212
16.99,17.00760410714288
128.06,128.04512980158736
0.1,0.08849648809523805
45.8,45.78846154761907
135.76,135.76323267857146
138.6,138.61242367063497
47.7,47.691631904761934
14.35,14.350020119047615
55.02,55.02793591269849
15.92,15.922901190476182
121.74,121.77308589285721
130.36,130.3579585515874
22.43,22.422252797619045
42.46,42.46190315476189
9.28,9.262123630952368
126.71,126.70095613095249
14.12,14.125188373015874
137.41,137.41432708333338
26.18,26.205085535714264
110.65,110.66404630952374
8.2,8.207584166666667
60.76,60.76486488095243
90.28,90.262716468254
139.44,139.43861928571417
135.9,135.88181273809528
32.51,32.511893511904766
78.03,78.04244321428573
48.84,48.850052500000004
63.01,62.97066327380949
17.46,17.470665337301593
133.03,133.0331594246032
125.5,125.51262916666668
26.15,26.12660178571429
117.58,117.57697055555543
38.93,38.92223166666667
52.02,52.02341083333337
86.74,86.73644563492064
139.88,139.89006198412702
100.67,100.66346583333332
14.81,14.806777142857145
67.95,67.94691005952377
60.95,60.955998095238066
2.49,2.4807227380952406
63.62,63.607719523809465
118.67,118.67093071428572
61.41,61.39802446428573
70.64,70.64130363095236
56.06,56.04440918650799
87.95,87.95050222222218
33.47,33.48590422619046
85.23,85.2421640079364
19.65,19.609910575396835
43.06,43.04977287698412
32.91,32.92746244047618
134.01,134.0109189285714
65.53,65.51534785714287
93.93,93.9293879761905
97.23,97.22548140873003
81.05,81.03946555555555
127.15,127.16279333333317
32.56,32.549680119047636
27.18,27.16997297619046
59.36,59.34489210317461
89.59,89.57359886904769
104.64,104.65984613095245
81.14,81.14265192460316
63.27,63.26041589285724
125.55,125.56083900793651
101.84,101.82915035714295
106.48,106.48318029761913
14.84,14.842379821428569
2.53,2.533005238095238
122.48,122.47660124999992
104.95,104.9500178571429
112.53,112.5178775396825
48.24,48.220829444444455
77.98,77.98115988095236
84.92,84.91473531746028
102.23,102.24055333333335
64.05,64.083760297619
71.88,71.87741081349209
53.88,53.87978341269837
131.04,131.04416049603185
12.4,12.403196428571432
52.0,51.995066488095254
11.45,11.448940892857143
20.33,20.362611190476173
139.35,139.3198500396826
32.67,32.64418625000002
80.96,80.9752238492064
4.36,4.313063234126983
72.49,72.4883161904762
30.73,30.716058062770557
98.62,98.60252065476193
107.59,107.58668607142855
22.18,22.162589781746025
25.57,25.5780301984127
33.69,33.68850065476192
32.6,32.603403630952386
87.54,87.53601162698409
81.11,81.10289490079363
132.64,132.6437681349206
37.15,37.13015182539681
32.57,32.572551250000004
1.81,1.8051496825396827
31.74,31.728620218253972
85.24,85.2439040079364
60.99,61.00165460317463
46.78,46.76429892857144
43.69,43.69077662698412
20.03,20.02949440476189
86.14,86.14359218253969
43.16,43.152212023809504
121.67,121.66626636904753
107.59,107.58825827380953
77.42,77.42666880952378
51.29,51.31411829365081
11.87,11.862071765873006
27.37,27.373850773809522
34.28,34.28191702380956
126.16,126.15324662698414
99.08,99.07559216269847
23.04,23.043530357142867
82.09,82.10008952380957
125.21,125.23538496031746
2.09,2.0854657142857147
115.5,115.49834274531017
130.66,130.6507696031745
134.04,134.02167154761898
133.32,133.32229749999993
19.85,19.858100555555552
135.22,135.2131211309523
78.6,78.5984064880952
59.91,59.90247000000004
14.5,14.496862738095224
0.27,0.2789217460317459
60.12,60.09035097222224
6.47,6.453559523809522
114.41,114.40912682539678
47.22,47.218741150793704
54.21,54.21415761904766
133.28,133.27020482142862
54.53,54.48852166666662
59.27,59.2567907738095
81.06,81.04889257936509
36.08,36.07787160714283
51.93,51.92331196428576
88.75,88.74760252886009
76.23,76.22315257936503
66.28,66.2866638690477
105.21,105.20414226190472
139.96,139.9531351785714
99.6,99.63006938492065
19.3,19.30102847222222
71.38,71.37119720238093
102.99,103.01391083333334
98.52,98.52636009920633
85.0,85.00063077380945
24.19,24.195062956349194
121.54,121.53628624999985
2.47,2.466137380952383
130.54,130.5192770436508
90.08,90.10358956709955
49.0,49.04724589285712
48.0,47.99887015873015
13.01,13.019602857142853
1.1,1.0947173214285717
130.78,130.74817017857148
22.78,22.784176845238097
19.25,19.245428174603173
106.09,106.07936988095234
63.41,63.39755833333337
60.68,60.677474543650824
88.36,88.35918063492065
94.33,94.31751184523795
7.56,7.568746547619043
16.63,16.629713749999986
38.69,38.68464567460319
79.09,79.08953480158732
102.17,102.1598309523809
75.59,75.60047523809527
66.48,66.47463613095233
135.7,135.66619656746022
40.39,40.39921214285714
14.26,14.262473511904755
50.59,50.579169761904765
31.67,31.664855833333323
44.18,44.18907922619046
13.82,13.828979761904769
117.64,117.64722039682529
56.47,56.465154999999925
74.39,74.37861942460319
115.74,115.72935376984124
63.5,63.49291452380947
18.03,18.03047059523811
128.63,128.62776982142856
8.91,8.90314958333334
126.37,126.37248845238095
13.44,13.429606408730162
78.59,78.5984508928571
96.91,96.91527273809527
48.93,48.91506259920638
124.09,124.10520761904762
110.21,110.21877464285711
36.28,36.25643601190475
100.84,100.81692438492063
38.7,38.71282374999998
37.33,37.33191053571427
43.07,43.05790442460317
41.33,41.333663333333334
24.69,24.679994702380963
59.6,59.60605410714284
16.37,16.36505161796537
83.28,83.28816674062051
108.5,108.50225321428563
134.5,134.52521601190492
120.17,120.16327261904756
21.16,21.154890615079353
66.17,66.16342922619043
47.53,47.536774285714294
137.27,137.25584365079362
107.22,107.22272595238098
20.25,20.215845119047614
51.24,51.21532230519479
20.69,20.689404523809525
90.98,90.97385480158731
55.08,55.072652976190504
96.76,96.7618088095239
92.19,92.17264456349207
50.23,50.2286098809524
3.25,3.244005892857144
38.61,38.611398710317474
13.97,13.971735277777775
33.34,33.32704496031748
11.64,11.64332571428572
133.23,133.23459559523815
95.33,95.33260065476192
11.56,11.55213220238095
70.43,70.43225623015864
14.99,14.97685061507936
27.16,27.163210476190464
125.16,125.16921220238093
17.61,17.614270595238096
80.08,80.09666988095235
15.17,15.167285178571428
57.27,57.26881712301586
50.46,50.45050855158732
95.69,95.65263706349201
57.42,57.41666535714287
27.74,27.739947242063486
121.52,121.5158870833332
36.15,36.14762218253968
116.74,116.73834696428572
132.22,132.18503000000004
111.72,111.7162330555555
121.41,121.402360952381
23.9,23.876204642857147
133.55,133.54674071428587
25.9,25.87995890873018
56.95,56.940324940476174
68.92,68.90594535714284
7.29,7.284345416666663
51.55,51.54855398809524
26.58,26.58327837662338
10.78,10.78694507936508
64.32,64.29778416666669
125.8,125.79856039682528
78.75,78.72882601190474
138.93,138.92599966269844
138.5,138.53650208333332
128.73,128.72766845238093
37.96,37.95078255952379
6.94,6.95186317460318
1.16,1.1754349999999996
5.47,5.466980238095245
8.64,8.639225059523818
107.99,107.9814670039682
114.05,114.05281726190478
50.99,50.97839535714281
39.13,39.176014900793625
119.39,119.39150845238095
133.2,133.19033452380953
31.23,31.234592182539682
62.36,62.346027738095245
14.41,14.390326904761912
78.04,78.05447023809525
64.54,64.53401146825401
44.7,44.70485744047617
131.62,131.6178002182539
124.52,124.51495660714284
114.9,114.90039325036065
35.12,35.116663571428575
33.22,33.241510178571424
95.65,95.63510039682535
108.71,108.7414780952381
40.58,40.59142654761904
74.26,74.26833678571434
68.21,68.21509964285707
79.21,79.19199833333333
36.71,36.6647965873016
34.31,34.307756190476226
92.72,92.72130972222212
131.21,131.19979392857147
58.23,58.21529
96.61,96.59971107142856
75.28,75.2861190476191
67.63,67.63013714285718
12.91,12.915927202380953
6.28,6.277014821428566
93.18,93.20950273809525
15.99,16.007186488095254
120.24,120.24604601190467
19.63,19.60002331349207
136.9,136.9019291071428
138.31,138.33060545634925
47.91,47.92439750000001
122.73,122.73287916666662
56.04,56.03486982142861
74.98,74.9772950595238
80.61,80.61069710317466
128.08,128.10237124999995
52.31,52.307215158730195
86.14,86.14446468253968
71.14,71.09991043650786
43.26,43.25720666666669
75.15,75.14969357142857
39.12,39.126734761904736
119.42,119.41536440476189
96.16,96.15627494047617
112.76,112.76642316378069
76.23,76.22060091269839
61.2,61.202190000000016
107.75,107.75747353174593
129.33,129.3338398015874
139.34,139.3171050396826
107.38,107.37522166666668
52.09,52.07389886904763
116.06,116.02575799603181
0.08,0.08690065476190469
75.1,75.09443664682537
6.96,6.962465198412704
56.69,56.69289892857139
82.55,82.56622726190476
37.23,37.24179821428566
9.56,9.55898273809523
108.5,108.50425059523805
120.32,120.31440805555559
109.54,109.52760559523819
64.7,64.69782537698417
96.87,96.859070297619
43.33,43.33967138888887
64.67,64.67170674603175
73.54,73.53721845238098
47.58,47.57487736111111
1.2,1.1976636309523812
2.53,2.532938571428571
123.1,123.11978434523806
112.0,111.99533523809524
1.42,1.4189031547619049
110.63,110.61841636904752
113.78,113.78243456349205
7.19,7.162217857142858
86.3,86.29401416666673
132.55,132.55278658730163
40.94,40.92571236111109
43.85,43.83992809523815
123.46,123.44885123015872
67.25,67.2420755952381
128.93,128.93989511904766
133.88,133.8805561904761
108.14,108.14182869047619
117.72,117.73869908730147
89.15,89.14714767857146
118.57,118.56424750000002
45.41,45.40914069444447
91.48,91.4693568434344
10.62,10.629309285714287
17.6,17.60802833333333
41.66,41.660863988095244
59.3,59.311790833333355
26.45,26.45882442460316
40.3,40.304849166666656
63.79,63.80266255952378
29.36,29.358125773809498
134.22,134.22595390692646
105.57,105.57166964285717
115.81,115.81605976190477
90.19,90.20918597222213
126.22,126.20749553571451
93.93,93.93591011904762
75.12,75.10636617063491
46.7,46.66557696428571
92.41,92.42273422619053
15.11,15.10939982142856
124.92,124.92711160714276
111.75,111.73817091269841
107.12,107.1176564664503
11.85,11.856656765873003
83.88,83.86250388888891
3.69,3.701085456349211
132.37,132.36608091269838
139.48,139.47482899891776
50.6,50.59930267857139
81.67,81.6747731547619
68.14,68.1381105952381
21.07,21.073127559523805
21.82,21.837963849206343
33.4,33.385160892857144
53.33,53.33437013888888
71.38,71.37099136904763
64.55,64.54617321428576
37.57,37.547764285714315
97.31,97.30291821428573
60.13,60.1071531547619
54.58,54.59456517857143
91.91,91.90970273809529
35.17,35.1720913095238
54.38,54.388260892857176
68.35,68.33459055555558
85.12,85.11980253968254
18.94,18.953499960317462
10.13,10.088464999999996
17.29,17.2607998809524
25.05,25.047566190476203
80.9,80.90155488095243
124.12,124.12179666666665
95.57,95.5954947619047
81.48,81.52787404761908
71.73,71.7331285714285
2.8,2.7896389880952364
84.5,84.51508613095235
91.3,91.31449273809525
29.51,29.48692748015868
32.51,32.506730059523804
91.76,91.74968529220777
33.28,33.29623797619048
52.12,52.12118494047615
113.96,113.96536603174593
68.55,68.53869386904765
53.47,53.46893567460314
27.37,27.374638273809538
65.98,65.9736070238095
107.92,107.92088986111101
107.38,107.37431388888892
53.36,53.35829192460319
90.38,90.36938345238099
108.67,108.66866138888886
117.44,117.44399017857143
83.91,83.9099801785715
11.24,11.229515238095232
2.13,2.090829761904763
81.93,81.91902410714286
12.02,12.020960892857136
91.92,91.92865345238104
112.31,112.2841899404762
102.82,102.83173601190472
34.94,34.94482502164501
118.64,118.6553616666667
127.83,127.81366357142859
30.45,30.434234484126982
139.21,139.21948184523808
38.03,38.02864142857147
46.75,46.75593023809526
55.85,55.85716424603172
74.16,74.14822154761899
46.12,46.11900176587299
77.63,77.62460884920635
55.56,55.56105315476193
25.43,25.431020654761895
19.01,19.01569934523811
90.76,90.76616708333331
68.96,68.95968392857135
88.88,88.87765523809522
115.25,115.2242187698413
7.87,7.867437420634913
24.28,24.27019101190479
85.75,85.72629898809528
104.19,104.20800470238088
66.52,66.51561492063496
64.66,64.675057281746
42.14,42.14041686507938
51.26,51.273925198412684
5.11,5.101712261904762
86.62,86.62393839285716
139.05,139.02734979437236
126.79,126.78875839285725
38.92,38.918986547619056
55.37,55.36931817460322
109.67,109.67110587301593
23.9,23.875271309523814
89.81,89.80748744047622
11.85,11.856867837301582
32.54,32.53003797619049
3.1,3.0946985714285717
10.72,10.720450119047623
15.31,15.30271964285715
115.49,115.48156726911967
18.91,18.89542992063493
81.55,81.54490940476191
47.15,47.147571150793674
21.46,21.459496428571438
1.75,1.7535379456654459
84.12,84.1128204761904
63.31,63.320186904761904
96.75,96.74489488095242
90.42,90.42683511904768
21.51,21.50717511904764
94.03,94.01631511904758
33.12,33.10945785714283
98.6,98.5918395238095
11.02,11.012523095238098
96.66,96.66269097222225
31.59,31.58799563492062
63.43,63.43084833333332
4.69,4.720106071428577
89.42,89.42347339285718
136.59,136.58935196428567
106.07,106.06733488095232
46.77,46.765073333333355
45.94,45.95127547619043
122.58,122.58686313492075
111.36,111.36422136904764
59.6,59.603057321428544
49.05,49.05029720238095
133.21,133.2043788095238
30.91,30.913176580086557
28.86,28.855075772005772
109.41,109.40852934523811
9.52,9.508147083333334
74.6,74.59259619047617
89.62,89.63111684523808
124.31,124.32530763888893
126.48,126.48543704365085
59.6,59.60378565476187
109.84,109.8260209325397
2.51,2.5275399999999975
20.1,20.087792857142865
3.3,3.2980392261904736
115.41,115.40880932539682
48.41,48.378866904761914
98.35,98.34666146825401
76.59,76.58486801587304
54.57,54.56795690476187
6.32,6.313201904761896
54.06,54.064013154761895
132.12,132.1181399603174
136.74,136.71103809523802
59.0,58.98519565476195
85.29,85.28770930555552
62.64,62.64894997835492
126.21,126.2055729166669
61.07,61.069497500000004
81.2,81.20908660714282
92.16,92.1698649206349
49.02,49.05031232142856
87.58,87.55505412698407
126.88,126.88118249999994
20.39,20.398024702380937
85.5,85.51315190476187
106.07,106.06560976190468
74.16,74.14167672619043
15.71,15.748210357142845
120.8,120.80102956349207
123.89,123.88679307539682
37.28,37.27885428571429
43.86,43.85949464285715
23.27,23.282348214285726
41.96,41.94182059523811
136.62,136.61041238095237
88.96,88.95205724206346
118.86,118.85812344696957
131.5,131.48711125000003
1.96,1.9557038690476198
66.44,66.45397017857141
51.74,51.742334960317436
100.05,100.05345809523817
57.48,57.4934417261904
17.23,17.227946785714295
11.39,11.388246249999998
130.33,130.3269765873017
106.06,106.05605511904756
86.41,86.41527670634919
86.07,86.04045434523809
18.91,18.892792420634926
31.34,31.34477833333335
95.04,95.03872150793663
49.8,49.8002849404762
60.69,60.69665464285717
89.94,89.94207964285711
57.39,57.372403809523824
112.01,112.0044314285714
138.5,138.5448020833333
45.51,45.51522702380954
130.47,130.46781208333346
125.08,125.08522077380947
49.99,49.98129170634921
132.59,132.6004938492064
132.84,132.8261791071428
71.8,71.78054158730164
0.98,0.9763590476190471
101.84,101.82667619047628
60.54,60.531343511904815
93.45,93.43744613095242
111.57,111.56843190476192
101.24,101.24804954545456
73.84,73.83985531746029
79.11,79.11391196428568
55.32,55.31704373015874
31.86,31.865080099206356
129.93,129.93104470779218
87.23,87.15935910714286
29.49,29.48428170634916
35.08,35.077333511904754
103.34,103.33453904761919
70.61,70.62360636904765
117.91,117.91604086940833
103.53,103.54966309523799
98.76,98.74735553571435
115.17,115.17287017857149
23.12,23.13754957972583
108.92,108.8978298015873
69.39,69.37688214285707
98.79,98.79505089285722
83.12,83.12237928571429
28.56,28.53723535714287
15.74,15.758021249999983
74.1,74.10741250000002
135.79,135.78304339285714
21.47,21.476225595238112
98.33,98.33265170634924
36.72,36.77138190476198
59.15,59.15164464285707
98.42,98.40432034632028
38.39,38.400845694444435
41.13,41.13238289682542
66.33,66.31605607142856
130.19,130.1865806601732
91.24,91.21435672619042
94.38,94.37899821428566
39.54,39.554930773809545
72.31,72.31976273809522
135.06,135.04750043650802
19.25,19.249080019841266
103.42,103.42042404761904
77.93,77.92139210317464
31.39,31.38596376984125
138.39,138.3841510119047
134.7,134.71779871031754
128.1,128.10880934523803
112.93,112.93326579365075
101.58,101.59218577380956
2.34,2.318028928571426
61.81,61.787302341269935
32.48,32.48540482142857
102.81,102.8234876785714
21.61,21.618438154761915
16.16,16.19026333333333
112.51,112.51552944444438
124.21,124.20480053571427
44.93,44.928307182539655
32.17,32.16682454365079
133.26,133.25967244047632
107.65,107.6376102976191
102.89,102.86433565476194
33.84,33.84330273809525
34.8,34.801916071428586
136.53,136.52264792207788
125.83,125.847649047619
26.07,26.06303755952383
54.49,54.477804285714235
62.57,62.55177672619051
139.3,139.29641892857148
112.61,112.60825937950938
10.31,10.313299633838376
135.97,136.00799126984126
136.4,136.38139470238093
135.76,135.76694101190478
58.74,58.74672988095231
6.14,6.137128630952386
86.21,86.20393035714291
30.0,30.013973452380952
111.22,111.2098235515873
7.89,7.901363143939391
45.24,45.241451071428585
39.47,39.459015297619054
138.62,138.62522224206347
11.95,11.94704422619048
86.21,86.20631809523813
11.76,11.758075773809535
1.57,1.5684480357142843
112.3,112.28406351190478
37.66,37.66452878968253
26.81,26.81866420634919
57.79,57.796335674603135
28.47,28.47858646825397
19.68,19.72368365079365
22.31,22.326320376984135
51.93,51.92916922619052
36.66,36.650347777777796
46.16,46.16016331349208
60.3,60.33741817460321
3.48,3.472000654761912
85.77,85.75981005952383
34.88,34.865478571428575
128.29,128.25813559523803
103.38,103.39795904761908
81.51,81.53842333333336
71.49,71.47380255952376
131.42,131.39866730158735
88.32,88.32170523809522
46.18,46.17454501984126
131.94,131.9489660119047
97.96,97.95359428571419
126.71,126.7024561309525
130.45,130.44955833333344
128.96,128.98049922619043
82.5,82.49992821428569
92.93,92.92995440476187
43.51,43.52285093253968
101.64,101.65100857142863
59.26,59.25361101190474
33.83,33.822896547619074
53.29,53.33007037698411
34.86,34.86512238095237
56.18,56.1729374404762
48.58,48.58586642857144
138.38,138.38017601190472
51.9,51.90900119047623
130.33,130.32530742063497
118.53,118.529517797619
124.0,123.99798291666673
43.17,43.16405952380952
62.94,62.93861148809521
113.15,113.17858409090898
41.76,41.76653136904761
26.82,26.819805039682524
58.11,58.0992895833334
136.71,136.70352051587298
108.17,108.17593227272734
24.47,24.46543063492062
73.34,73.33619452380947
132.31,132.30578809523809
72.31,72.31998202380953
138.24,138.24576064935067
61.3,61.3005248015873
3.56,3.5660923809523823
114.39,114.38920511904769
79.05,79.04900521825394
117.39,117.38943154761891
128.71,128.71969904761895
93.94,93.9355044047619
126.22,126.20692196428593
80.74,80.74147269841268
58.61,58.61141448412696
3.21,3.2160742857142877
117.18,117.16297023809511
11.16,11.158698095238108
10.39,10.423161190476197
85.41,85.39765996031748
57.02,57.023527380952366
110.11,110.09255107142866
114.01,114.02917273809535
80.5,80.51191035714281
136.33,136.31737226190472
109.2,109.17876160714277
27.22,27.2132082738095
134.48,134.47721821428578
125.34,125.37489263888891
128.22,128.2206592460317
105.82,105.81056523809521
7.01,6.996206114718615
13.05,13.052931845238097
117.53,117.54793884920635
115.51,115.51559453102455
118.15,118.16811654761905
110.12,110.1347845833335
55.31,55.31328408730158
36.83,36.82250000000001
47.78,47.784866011904775
19.83,19.84956615079365
130.99,130.98713101190492
36.55,36.5411010714286
88.61,88.59362498015868
31.5,31.483097400793618
126.29,126.31474541666677
2.38,2.4021133928571414
4.39,4.41073442460317
65.31,65.30055037878789
124.63,124.62727791666663
49.8,49.796641011904775
58.94,58.94868113095241
27.03,27.01811273809528
97.16,97.17159170634913
12.93,12.930696130952386
20.71,20.699832142857144
6.27,6.259897619047617
87.86,87.8551575
34.35,34.343968571428576
102.54,102.53715141774896
121.4,121.39071857142861
107.8,107.79088942460318
9.39,9.390101190476207
5.69,5.68745942460318
36.1,36.08109680555553
129.64,129.6322673809523
17.97,17.94388353174604
4.67,4.64311113095238
65.77,65.7468612103174
99.72,99.71724164682543
39.38,39.390062777777786
130.2,130.1918952435065
113.28,113.28707130952405
63.95,63.941729940476186
13.9,13.904358234127002
88.05,88.0438947023809
103.16,103.16641190476193
62.2,62.18785061507935
130.07,130.06460886904762
119.24,119.22981011904756
87.65,87.64583083333335
110.57,110.58576428571426
27.3,27.29574289682544
95.47,95.47891404761896
92.51,92.48923464285714
16.64,16.632733392857133
42.93,42.91633255952382
137.25,137.24681130952376
126.58,126.57415301587305
17.82,17.81810613095239
129.3,129.321572420635
53.45,53.45233091269835
133.27,133.26848910714293
20.69,20.688197857142853
73.9,73.84657936507932
0.14,0.15677827380952394
0.47,0.4783677976190476
125.98,125.94173654761914
73.45,73.43734865079368
122.17,122.17259942460316
53.97,53.96677263888889
31.0,31.009492499999997
23.74,23.73875952380951
38.91,38.91354083333335
40.62,40.60935797619046
28.57,28.59220505952379
8.92,8.91121136904763
103.28,103.28572958333334
45.84,45.84757857142859
136.17,136.1592136706349
113.64,113.64833781746034
62.94,62.94416232142855
52.8,52.846020238095264
113.99,113.97081246031738
18.96,18.970630079365076
37.75,37.757628948412695
8.73,8.687691904761913
99.31,99.28489103174617
28.61,28.611775892857118
75.85,75.84555543650791
37.29,37.28599291666667
99.56,99.58593914682537
36.35,36.31247392857143
107.54,107.56230380952378
122.96,122.96316672619048
96.16,96.15923196428572
31.86,31.864156765873023
104.53,104.5346503769841
45.76,45.74229767857143
132.4,132.39669954365078
74.65,74.65013192099565
134.71,134.71597597222228
71.03,71.03162825396824
92.67,92.6622221825397
126.06,126.05016934523809
19.45,19.481115138888878
117.87,117.86288333333327
103.15,103.15843821428577
87.11,87.10766043650794
16.9,16.897681071428586
77.26,77.26464099206349
68.19,68.20724063492055
117.62,117.62007535714274
111.91,111.9267767460318
74.75,74.74643817460324
88.34,88.35678396825398
24.72,24.730611011904784
2.08,2.0791680555555554
24.64,24.638607976190492
136.81,136.7996711507937
24.11,24.111504781746024
47.39,47.425043630952366
4.51,4.505672500000004
23.51,23.52341392857143
15.24,15.229726071428573
70.97,70.97231626984127
92.61,92.59348107142858
56.03,56.02741857142863
35.9,35.89069367063494
80.57,80.55522801587304
62.84,62.82706704365081
89.24,89.27469339285716
30.34,30.334181190476194
112.15,112.15413654761903
53.07,53.08427121031743
61.53,61.48367248015871
134.18,134.16918702380957
1.21,1.2139917261904765
48.08,48.07274327380955
115.04,115.0429646013709
32.81,32.81524347222222
65.59,65.60944327380953
123.55,123.55538744047603
96.33,96.31543049603178
31.37,31.372325476190458
84.88,84.89461907828277
52.28,52.293979583333346
132.14,132.1166358333333
105.77,105.77624119047617
94.52,94.521064702381
67.77,67.74541875
109.72,109.7149876587302
1.33,1.329542261904762
54.73,54.73620499999999
112.03,112.02666249999999
28.68,28.673338650793657
46.24,46.254822400793635
1.52,1.529864702380951
133.87,133.87218517857136
124.68,124.67457708333326
33.17,33.13548172619046
14.62,14.611338869047612
73.12,73.13946214285717
125.49,125.48694523809527
118.79,118.79491053030296
10.44,10.442632162698422
30.3,30.301291607142872
81.4,81.39571505952385
44.97,44.9628907738095
3.1,3.096330238095238
108.58,108.55336690476192
14.46,14.455844841269839
134.7,134.71722680555555
50.65,50.6605655357143
5.93,5.939194821428573
28.54,28.515311071428577
37.26,37.252396904761916
117.74,117.78663255952374
111.38,111.3741656547619
117.67,117.66308051587286
34.48,34.47772095238095
129.43,129.41049408549793
12.1,12.095942321428561
61.79,61.772428591269914
99.13,99.12659666666667
27.9,27.903229742063466
130.43,130.44887690476196
131.15,131.15208571428582
21.44,21.435974662698413
76.66,76.67639871031744
36.07,36.046882996031734
99.96,99.97006333333337
119.29,119.23506833333339
30.66,30.664352619047612
86.51,86.48402488095239
57.42,57.41841428571429
132.64,132.64387146825396
117.71,117.6619452777777
100.37,100.3569676785714
116.31,116.30926349206355
81.61,81.61238210317462
51.04,51.00908083333331
23.86,23.862099166666646
85.33,85.32420672619038
135.82,135.8082217857143
127.97,127.9681154166666
108.08,108.07607785714292
74.59,74.58963142857135
136.56,136.56194095238095
27.81,27.799993908730162
116.12,116.15207087301592
128.07,128.0662596825397
58.61,58.61658734126984
77.67,77.66024404761907
62.11,62.09986535714288
16.98,16.977619523809533
116.54,116.53388748015888
52.62,52.6321674404762
11.33,11.331300773809518
114.59,114.58393359126991
15.13,15.121334404761893
36.53,36.533146904761914
20.08,20.074110654761906
32.0,31.988879444444418
61.13,61.13877464285715
103.95,103.94311126984122
90.16,90.17405410714284
71.29,71.28524934523811
128.71,128.71853928571423
106.83,106.8391607539682
27.8,27.79437904761905
25.67,25.667036904761922
14.06,14.070272738095234
9.37,9.37548126984127
97.48,97.50381573412702
28.84,28.842694105339092
132.95,132.9344914285714
91.81,91.8229130501443
46.73,46.7532322619048
26.35,26.350198690476187
51.07,51.10480805555558
10.37,10.327431022727273
40.46,40.45551428571425
128.93,128.94000928571427
34.14,34.136248571428524
57.12,57.1316680952381
101.36,101.35888888888883
43.53,43.53381712301586
42.45,42.451584464285716
115.11,115.11060773809538
70.65,70.64985847222222
127.47,127.46587583333341
121.56,121.57958577380953
121.71,121.66948041666662
38.91,38.91351630952382
78.66,78.6479678769841
59.67,59.68633297619044
68.69,68.68670940476193
85.66,85.68879291666664
100.77,100.77540938492064
3.57,3.5657530952380956
36.09,36.07642849206347
21.93,21.945507261904773
23.25,23.242668511904757
36.66,36.64870000000002
130.18,130.1813386904762
4.2,4.189994880952381
111.27,111.26231061507939
107.67,107.68918553571424
60.93,60.93112396825392
131.04,131.04833160714296
49.72,49.734827061688314
20.9,20.900871924603166
44.18,44.188483392857115
35.56,35.555499166666664
119.4,119.40406839285708
3.95,3.9410319047619073
36.17,36.203867896825365
103.04,103.03439988095239
71.84,71.86884843253969
19.69,19.731053412698415
58.33,58.36136625
34.52,34.521861011904775
86.28,86.27993369047627
44.51,44.52269194444444
13.01,13.019928571428565
7.43,7.44253615079366
10.36,10.326418046536796
35.48,35.48837065476189
41.89,41.881215059523804
58.69,58.687559107142825
74.09,74.10739726190478
15.01,15.008682757936517
43.66,43.66191097222223
71.26,71.26396640873014
49.62,49.61705037698413
99.28,99.28038996031759
80.57,80.55028238095241
7.44,7.446180793650804
77.99,77.98588928571426
51.75,51.74646154761908
5.13,5.13891083333333
60.9,60.903704880952354
44.75,44.761646230158775
64.88,64.89076964285708
30.13,30.131599047619062
75.48,75.48317982142854
60.16,60.184594523809494
104.26,104.24083291666668
125.59,125.59418099206343
14.5,14.496156071428555
88.13,88.13622315476182
41.25,41.25705214285718
128.37,128.37184170634922
33.31,33.31516523809525
134.93,134.95632240259738
44.98,44.97375184523808
103.83,103.80827980158737
102.15,102.15117690476187
14.95,14.950355853174594
41.08,41.080212500000016
135.0,135.0018912914863
114.03,114.03529309523817
134.27,134.24791408549785
108.44,108.45267190476183
36.91,36.91782406746031
139.59,139.58889582972594
59.06,59.05868573412703
124.52,124.5113299404762
122.36,122.36343942640686
91.05,91.0600422222222
96.01,96.04370194624826
120.86,120.85708464285705
106.92,106.90269494047627
103.51,103.55333226190466
135.04,135.03384793650804
3.02,3.017783630952381
99.61,99.64069676587302
30.57,30.57820819444445
29.01,29.003529761904836
107.68,107.6903022023809
89.56,89.56079559523812
103.09,103.07034035714291
108.38,108.35670547619047
51.29,51.31261900793652
112.46,112.45013351190468
8.64,8.639619226190485
36.01,36.0125895238095
33.4,33.380976805555555
52.34,52.31659224206354
80.77,80.76078688492075
107.1,107.10024708333341
139.08,139.09301238095247
89.62,89.63228101190477
